{
  "doc" : {
    "dynamic" : "strict",
    "properties" : {
      "config" : {
        "dynamic" : "true",
        "properties" : {
          "buildNum" : {
            "type" : "keyword"
          },
          "defaultIndex" : {
            "type" : "text",
            "fields" : {
              "keyword" : {
                "type" : "keyword",
                "ignore_above" : 256
              }
            }
          }
        }
      },
      "dashboard" : {
        "properties" : {
          "description" : {
            "type" : "text"
          },
          "hits" : {
            "type" : "integer"
          },
          "kibanaSavedObjectMeta" : {
            "properties" : {
              "searchSourceJSON" : {
                "type" : "text"
              }
            }
          },
          "optionsJSON" : {
            "type" : "text"
          },
          "panelsJSON" : {
            "type" : "text"
          },
          "refreshInterval" : {
            "properties" : {
              "display" : {
                "type" : "keyword"
              },
              "pause" : {
                "type" : "boolean"
              },
              "section" : {
                "type" : "integer"
              },
              "value" : {
                "type" : "integer"
              }
            }
          },
          "timeFrom" : {
            "type" : "keyword"
          },
          "timeRestore" : {
            "type" : "boolean"
          },
          "timeTo" : {
            "type" : "keyword"
          },
          "title" : {
            "type" : "text"
          },
          "uiStateJSON" : {
            "type" : "text"
          },
          "version" : {
            "type" : "integer"
          }
        }
      },
      "index-pattern" : {
        "properties" : {
          "fieldFormatMap" : {
            "type" : "text"
          },
          "fields" : {
            "type" : "text"
          },
          "intervalName" : {
            "type" : "keyword"
          },
          "notExpandable" : {
            "type" : "boolean"
          },
          "sourceFilters" : {
            "type" : "text"
          },
          "timeFieldName" : {
            "type" : "keyword"
          },
          "title" : {
            "type" : "text"
          },
          "type" : {
            "type" : "keyword"
          },
          "typeMeta" : {
            "type" : "keyword"
          }
        }
      },
      "kql-telemetry" : {
        "properties" : {
          "optInCount" : {
            "type" : "long"
          },
          "optOutCount" : {
            "type" : "long"
          }
        }
      },
      "migrationVersion" : {
        "dynamic" : "true",
        "properties" : {
          "visualization" : {
            "type" : "text",
            "fields" : {
              "keyword" : {
                "type" : "keyword",
                "ignore_above" : 256
              }
            }
          }
        }
      },
      "namespace" : {
        "type" : "keyword"
      },
      "search" : {
        "properties" : {
          "columns" : {
            "type" : "keyword"
          },
          "description" : {
            "type" : "text"
          },
          "hits" : {
            "type" : "integer"
          },
          "kibanaSavedObjectMeta" : {
            "properties" : {
              "searchSourceJSON" : {
                "type" : "text"
              }
            }
          },
          "sort" : {
            "type" : "keyword"
          },
          "title" : {
            "type" : "text"
          },
          "version" : {
            "type" : "integer"
          }
        }
      },
      "server" : {
        "properties" : {
          "uuid" : {
            "type" : "keyword"
          }
        }
      },
      "timelion-sheet" : {
        "properties" : {
          "description" : {
            "type" : "text"
          },
          "hits" : {
            "type" : "integer"
          },
          "kibanaSavedObjectMeta" : {
            "properties" : {
              "searchSourceJSON" : {
                "type" : "text"
              }
            }
          },
          "timelion_chart_height" : {
            "type" : "integer"
          },
          "timelion_columns" : {
            "type" : "integer"
          },
          "timelion_interval" : {
            "type" : "keyword"
          },
          "timelion_other_interval" : {
            "type" : "keyword"
          },
          "timelion_rows" : {
            "type" : "integer"
          },
          "timelion_sheet" : {
            "type" : "text"
          },
          "title" : {
            "type" : "text"
          },
          "version" : {
            "type" : "integer"
          }
        }
      },
      "type" : {
        "type" : "keyword"
      },
      "updated_at" : {
        "type" : "date"
      },
      "url" : {
        "properties" : {
          "accessCount" : {
            "type" : "long"
          },
          "accessDate" : {
            "type" : "date"
          },
          "createDate" : {
            "type" : "date"
          },
          "url" : {
            "type" : "text",
            "fields" : {
              "keyword" : {
                "type" : "keyword",
                "ignore_above" : 2048
              }
            }
          }
        }
      },
      "visualization" : {
        "properties" : {
          "description" : {
            "type" : "text"
          },
          "kibanaSavedObjectMeta" : {
            "properties" : {
              "searchSourceJSON" : {
                "type" : "text"
              }
            }
          },
          "savedSearchId" : {
            "type" : "keyword"
          },
          "title" : {
            "type" : "text"
          },
          "uiStateJSON" : {
            "type" : "text"
          },
          "version" : {
            "type" : "integer"
          },
          "visState" : {
            "type" : "text"
          }
        }
      }
    }
  }
}