[
  {"_index":".kibana","_type":"doc","_id":"visualization:0500e4e0-63e7-11e8-a476-951212cfdb81","_score":1,"_source":{"visualization":{"title":"Findings of today grouped by scanner and severity","visState":"{\"title\":\"Findings of today grouped by scanner and severity\",\"type\":\"histogram\",\"params\":{\"type\":\"histogram\",\"grid\":{\"categoryLines\":false,\"style\":{\"color\":\"#eee\"},\"valueAxis\":\"ValueAxis-1\"},\"categoryAxes\":[{\"id\":\"CategoryAxis-1\",\"type\":\"category\",\"position\":\"bottom\",\"show\":true,\"style\":{},\"scale\":{\"type\":\"linear\"},\"labels\":{\"show\":true,\"truncate\":100,\"filter\":false,\"rotate\":0},\"title\":{}}],\"valueAxes\":[{\"id\":\"ValueAxis-1\",\"name\":\"LeftAxis-1\",\"type\":\"value\",\"position\":\"left\",\"show\":true,\"style\":{},\"scale\":{\"type\":\"linear\",\"mode\":\"normal\"},\"labels\":{\"show\":true,\"rotate\":0,\"filter\":false,\"truncate\":100},\"title\":{\"text\":\"Findings\"}}],\"seriesParams\":[{\"show\":\"true\",\"type\":\"histogram\",\"mode\":\"stacked\",\"data\":{\"label\":\"Count\",\"id\":\"1\"},\"valueAxis\":\"ValueAxis-1\",\"drawLinesBetweenPoints\":true,\"showCircles\":true}],\"addTooltip\":true,\"addLegend\":true,\"legendPosition\":\"right\",\"times\":[],\"addTimeMarker\":false},\"aggs\":[{\"id\":\"1\",\"enabled\":true,\"type\":\"count\",\"schema\":\"metric\",\"params\":{}},{\"id\":\"2\",\"enabled\":true,\"type\":\"terms\",\"schema\":\"segment\",\"params\":{\"field\":\"scanner_type.keyword\",\"otherBucket\":false,\"otherBucketLabel\":\"Other\",\"missingBucket\":false,\"missingBucketLabel\":\"Missing\",\"size\":5,\"order\":\"desc\",\"orderBy\":\"1\",\"customLabel\":\"Scanners\"}},{\"id\":\"3\",\"enabled\":true,\"type\":\"terms\",\"schema\":\"group\",\"params\":{\"field\":\"severity.keyword\",\"otherBucket\":false,\"otherBucketLabel\":\"Other\",\"missingBucket\":false,\"missingBucketLabel\":\"Missing\",\"size\":5,\"order\":\"desc\",\"orderBy\":\"1\"}}]}","uiStateJSON":"{}","description":"","savedSearchId":"587d4c60-63e4-11e8-a476-951212cfdb81","version":1,"kibanaSavedObjectMeta":{"searchSourceJSON":"{\"filter\":[],\"query\":{\"query\":\"\",\"language\":\"lucene\"}}"}},"type":"visualization","migrationVersion":{"visualization":"6.7.2"},"updated_at":"2018-06-01T09:49:55.806Z"}},
  {"_index":".kibana","_type":"doc","_id":"visualization:b0ff6120-63e4-11e8-a476-951212cfdb81","_score":1,"_source":{"visualization":{"title":"findings of the day","visState":"{\"title\":\"findings of the day\",\"type\":\"pie\",\"params\":{\"type\":\"pie\",\"addTooltip\":true,\"addLegend\":true,\"legendPosition\":\"right\",\"isDonut\":false,\"labels\":{\"show\":true,\"values\":true,\"last_level\":true,\"truncate\":100}},\"aggs\":[{\"id\":\"1\",\"enabled\":true,\"type\":\"count\",\"schema\":\"metric\",\"params\":{}},{\"id\":\"2\",\"enabled\":true,\"type\":\"terms\",\"schema\":\"segment\",\"params\":{\"field\":\"severity.keyword\",\"otherBucket\":false,\"otherBucketLabel\":\"Other\",\"missingBucket\":false,\"missingBucketLabel\":\"Missing\",\"size\":5,\"order\":\"desc\",\"orderBy\":\"1\"}}]}","uiStateJSON":"{}","description":"","savedSearchId":"587d4c60-63e4-11e8-a476-951212cfdb81","version":1,"kibanaSavedObjectMeta":{"searchSourceJSON":"{\"filter\":[{\"meta\":{\"index\":\"67c6fd50-635e-11e8-abc4-7b8ba237e544\",\"negate\":false,\"disabled\":false,\"alias\":null,\"type\":\"phrase\",\"key\":\"type.keyword\",\"value\":\"finding_entry\",\"params\":{\"query\":\"finding_entry\",\"type\":\"phrase\"}},\"query\":{\"match\":{\"type.keyword\":{\"query\":\"finding_entry\",\"type\":\"phrase\"}}},\"$state\":{\"store\":\"appState\"}}],\"query\":{\"query\":\"\",\"language\":\"lucene\"}}"}},"type":"visualization","migrationVersion":{"visualization":"6.7.2"},"updated_at":"2018-06-01T09:49:55.809Z"}},
  {"_index":".kibana","_type":"doc","_id":"visualization:5e5c68b0-63f2-11e8-a476-951212cfdb81","_score":1,"_source":{"visualization":{"title":"Total Findings today","visState":"{\"title\":\"Total Findings today\",\"type\":\"metric\",\"params\":{\"addTooltip\":true,\"addLegend\":false,\"type\":\"metric\",\"metric\":{\"percentageMode\":false,\"useRanges\":false,\"colorSchema\":\"Green to Red\",\"metricColorMode\":\"None\",\"colorsRange\":[{\"from\":0,\"to\":10000}],\"labels\":{\"show\":true},\"invertColors\":false,\"style\":{\"bgFill\":\"#000\",\"bgColor\":false,\"labelColor\":false,\"subText\":\"\",\"fontSize\":60}}},\"aggs\":[{\"id\":\"1\",\"enabled\":true,\"type\":\"count\",\"schema\":\"metric\",\"params\":{\"customLabel\":\"Findings today\"}}]}","uiStateJSON":"{}","description":"","savedSearchId":"587d4c60-63e4-11e8-a476-951212cfdb81","version":1,"kibanaSavedObjectMeta":{"searchSourceJSON":"{\"filter\":[],\"query\":{\"query\":\"\",\"language\":\"lucene\"}}"}},"type":"visualization","migrationVersion":{"visualization":"6.7.2"},"updated_at":"2018-06-01T09:49:55.812Z"}},
  {"_index":".kibana","_type":"doc","_id":"search:557d1f10-6581-11e8-b650-c59633cde5e0","_score":1,"_source":{"search":{"title":"Today","description":"","hits":0,"columns":["_source"],"sort":["@timestamp","desc"],"version":1,"kibanaSavedObjectMeta":{"searchSourceJSON":"{\"index\":\"168399b0-6581-11e8-b650-c59633cde5e0\",\"highlightAll\":true,\"version\":true,\"query\":{\"query\":\"\",\"language\":\"lucene\"},\"filter\":[]}"}},"type":"search","updated_at":"2018-06-01T09:51:19.425Z"}},
  {"_index":".kibana","_type":"doc","_id":"dashboard:b728f3f0-63f2-11e8-a476-951212cfdb81","_score":1,"_source":{"dashboard":{"title":"Daily Summary","hits":0,"description":"This Dashboard describes the Scanner Results of one day","panelsJSON":"[{\"panelIndex\":\"1\",\"gridData\":{\"x\":0,\"y\":4,\"w\":6,\"h\":3,\"i\":\"1\"},\"id\":\"b0ff6120-63e4-11e8-a476-951212cfdb81\",\"type\":\"visualization\",\"version\":\"6.2.3\"},{\"panelIndex\":\"3\",\"gridData\":{\"x\":0,\"y\":7,\"w\":12,\"h\":3,\"i\":\"3\"},\"id\":\"be5be5a0-63ee-11e8-a476-951212cfdb81\",\"type\":\"visualization\",\"version\":\"6.2.3\"},{\"panelIndex\":\"4\",\"gridData\":{\"x\":6,\"y\":4,\"w\":6,\"h\":3,\"i\":\"4\"},\"embeddableConfig\":{\"spy\":null},\"id\":\"0500e4e0-63e7-11e8-a476-951212cfdb81\",\"type\":\"visualization\",\"version\":\"6.2.3\"},{\"panelIndex\":\"5\",\"gridData\":{\"x\":6,\"y\":0,\"w\":6,\"h\":4,\"i\":\"5\"},\"embeddableConfig\":{\"spy\":null,\"vis\":{\"params\":{\"sort\":{\"columnIndex\":0,\"direction\":\"asc\"}}}},\"id\":\"e15be730-63e4-11e8-a476-951212cfdb81\",\"type\":\"visualization\",\"version\":\"6.2.3\"},{\"panelIndex\":\"7\",\"gridData\":{\"x\":0,\"y\":13,\"w\":6,\"h\":3,\"i\":\"7\"},\"id\":\"bbd269b0-63f0-11e8-a476-951212cfdb81\",\"type\":\"search\",\"version\":\"6.2.3\"},{\"panelIndex\":\"8\",\"gridData\":{\"x\":6,\"y\":13,\"w\":6,\"h\":3,\"i\":\"8\"},\"id\":\"587d4c60-63e4-11e8-a476-951212cfdb81\",\"type\":\"search\",\"version\":\"6.2.3\"},{\"panelIndex\":\"9\",\"gridData\":{\"x\":0,\"y\":2,\"w\":6,\"h\":2,\"i\":\"9\"},\"id\":\"3e2d3b60-63f1-11e8-a476-951212cfdb81\",\"type\":\"visualization\",\"version\":\"6.2.3\"},{\"panelIndex\":\"10\",\"gridData\":{\"x\":0,\"y\":0,\"w\":6,\"h\":2,\"i\":\"10\"},\"id\":\"5e5c68b0-63f2-11e8-a476-951212cfdb81\",\"type\":\"visualization\",\"version\":\"6.2.3\"},{\"panelIndex\":\"11\",\"gridData\":{\"x\":0,\"y\":10,\"w\":12,\"h\":3,\"i\":\"11\"},\"version\":\"6.2.3\",\"type\":\"visualization\",\"id\":\"56894c00-658e-11e8-a5ef-cb2aed396a5b\"}]","optionsJSON":"{\"darkTheme\":false,\"hidePanelTitles\":false,\"useMargins\":true}","version":1,"timeRestore":false,"kibanaSavedObjectMeta":{"searchSourceJSON":"{\"query\":{\"language\":\"lucene\",\"query\":\"\"},\"filter\":[],\"highlightAll\":true,\"version\":true}"}},"type":"dashboard","updated_at":"2018-06-01T11:26:36.309Z"}},
  {"_index":".kibana","_type":"doc","_id":"visualization:56894c00-658e-11e8-a5ef-cb2aed396a5b","_score":1,"_source":{"visualization":{"title":"Findings Category","visState":"{\"title\":\"Findings Category\",\"type\":\"histogram\",\"params\":{\"type\":\"histogram\",\"grid\":{\"categoryLines\":false,\"style\":{\"color\":\"#eee\"}},\"categoryAxes\":[{\"id\":\"CategoryAxis-1\",\"type\":\"category\",\"position\":\"bottom\",\"show\":true,\"style\":{},\"scale\":{\"type\":\"linear\"},\"labels\":{\"show\":true,\"truncate\":100},\"title\":{}}],\"valueAxes\":[{\"id\":\"ValueAxis-1\",\"name\":\"LeftAxis-1\",\"type\":\"value\",\"position\":\"left\",\"show\":true,\"style\":{},\"scale\":{\"type\":\"linear\",\"mode\":\"normal\"},\"labels\":{\"show\":true,\"rotate\":0,\"filter\":false,\"truncate\":100},\"title\":{\"text\":\"Count\"}}],\"seriesParams\":[{\"show\":\"true\",\"type\":\"histogram\",\"mode\":\"stacked\",\"data\":{\"label\":\"Count\",\"id\":\"1\"},\"valueAxis\":\"ValueAxis-1\",\"drawLinesBetweenPoints\":true,\"showCircles\":true}],\"addTooltip\":true,\"addLegend\":true,\"legendPosition\":\"right\",\"times\":[],\"addTimeMarker\":false},\"aggs\":[{\"id\":\"1\",\"enabled\":true,\"type\":\"count\",\"schema\":\"metric\",\"params\":{}},{\"id\":\"2\",\"enabled\":true,\"type\":\"date_histogram\",\"schema\":\"segment\",\"params\":{\"field\":\"@timestamp\",\"interval\":\"auto\",\"customInterval\":\"2h\",\"min_doc_count\":1,\"extended_bounds\":{}}},{\"id\":\"3\",\"enabled\":true,\"type\":\"terms\",\"schema\":\"group\",\"params\":{\"field\":\"category.keyword\",\"otherBucket\":false,\"otherBucketLabel\":\"Other\",\"missingBucket\":false,\"missingBucketLabel\":\"Missing\",\"size\":5,\"order\":\"desc\",\"orderBy\":\"1\"}}]}","uiStateJSON":"{}","description":"","savedSearchId":"587d4c60-63e4-11e8-a476-951212cfdb81","version":1,"kibanaSavedObjectMeta":{"searchSourceJSON":"{\"filter\":[],\"query\":{\"query\":\"\",\"language\":\"lucene\"}}"}},"type":"visualization","migrationVersion":{"visualization":"6.7.2"},"updated_at":"2018-06-01T11:24:24.640Z"}},
  {"_index":".kibana","_type":"doc","_id":"search:ce6ae200-658f-11e8-a5ef-cb2aed396a5b","_score":1,"_source":{"search":{"title":"Findings and Solutions (No Informational)","description":"","hits":0,"columns":["name","location","category","severity","description","hint","scanner_type"],"sort":["@timestamp","desc"],"version":1,"kibanaSavedObjectMeta":{"searchSourceJSON":"{\"index\":\"168399b0-6581-11e8-b650-c59633cde5e0\",\"highlightAll\":true,\"version\":true,\"query\":{\"query\":\"\",\"language\":\"lucene\"},\"filter\":[{\"meta\":{\"index\":\"168399b0-6581-11e8-b650-c59633cde5e0\",\"negate\":true,\"disabled\":false,\"alias\":null,\"type\":\"phrase\",\"key\":\"severity.keyword\",\"value\":\"INFORMATIONAL\",\"params\":{\"query\":\"INFORMATIONAL\",\"type\":\"phrase\"}},\"query\":{\"match\":{\"severity.keyword\":{\"query\":\"INFORMATIONAL\",\"type\":\"phrase\"}}},\"$state\":{\"store\":\"appState\"}},{\"meta\":{\"index\":\"168399b0-6581-11e8-b650-c59633cde5e0\",\"negate\":false,\"disabled\":false,\"alias\":null,\"type\":\"phrase\",\"key\":\"type.keyword\",\"value\":\"finding_entry\",\"params\":{\"query\":\"finding_entry\",\"type\":\"phrase\"}},\"query\":{\"match\":{\"type.keyword\":{\"query\":\"finding_entry\",\"type\":\"phrase\"}}},\"$state\":{\"store\":\"appState\"}}]}"}},"type":"search","updated_at":"2018-06-01T11:34:55.264Z"}},
  {"_index":".kibana","_type":"doc","_id":"visualization:eaef9300-6592-11e8-a5ef-cb2aed396a5b","_score":1,"_source":{"visualization":{"title":"Overall Findings","visState":"{\"title\":\"Overall Findings\",\"type\":\"metric\",\"params\":{\"addTooltip\":true,\"addLegend\":false,\"type\":\"metric\",\"metric\":{\"percentageMode\":false,\"useRanges\":false,\"colorSchema\":\"Green to Red\",\"metricColorMode\":\"None\",\"colorsRange\":[{\"from\":0,\"to\":10000}],\"labels\":{\"show\":true},\"invertColors\":false,\"style\":{\"bgFill\":\"#000\",\"bgColor\":false,\"labelColor\":false,\"subText\":\"\",\"fontSize\":60}}},\"aggs\":[{\"id\":\"1\",\"enabled\":true,\"type\":\"count\",\"schema\":\"metric\",\"params\":{\"customLabel\":\"Findings\"}}]}","uiStateJSON":"{}","description":"","version":1,"kibanaSavedObjectMeta":{"searchSourceJSON":"{\"index\":\"168399b0-6581-11e8-b650-c59633cde5e0\",\"filter\":[{\"meta\":{\"index\":\"168399b0-6581-11e8-b650-c59633cde5e0\",\"negate\":false,\"disabled\":false,\"alias\":null,\"type\":\"phrase\",\"key\":\"type.keyword\",\"value\":\"finding_entry\",\"params\":{\"query\":\"finding_entry\",\"type\":\"phrase\"}},\"query\":{\"match\":{\"type.keyword\":{\"query\":\"finding_entry\",\"type\":\"phrase\"}}},\"$state\":{\"store\":\"appState\"}}],\"query\":{\"query\":\"\",\"language\":\"lucene\"}}"}},"type":"visualization","migrationVersion":{"visualization":"6.7.2"},"updated_at":"2018-06-01T11:57:11.599Z"}},
  {"_index":".kibana","_type":"doc","_id":"visualization:be5be5a0-63ee-11e8-a476-951212cfdb81","_score":1,"_source":{"visualization":{"title":"Scanner Distribution over Day","visState":"{\"title\":\"Scanner Distribution over Day\",\"type\":\"histogram\",\"params\":{\"type\":\"histogram\",\"grid\":{\"categoryLines\":true,\"style\":{\"color\":\"#eee\"},\"valueAxis\":\"ValueAxis-1\"},\"categoryAxes\":[{\"id\":\"CategoryAxis-1\",\"type\":\"category\",\"position\":\"bottom\",\"show\":true,\"style\":{},\"scale\":{\"type\":\"linear\"},\"labels\":{\"show\":true,\"truncate\":100,\"filter\":false},\"title\":{}}],\"valueAxes\":[{\"id\":\"ValueAxis-1\",\"name\":\"LeftAxis-1\",\"type\":\"value\",\"position\":\"left\",\"show\":true,\"style\":{},\"scale\":{\"type\":\"linear\",\"mode\":\"silhouette\"},\"labels\":{\"show\":true,\"rotate\":0,\"filter\":false,\"truncate\":100},\"title\":{\"text\":\"Count\"}}],\"seriesParams\":[{\"show\":\"true\",\"type\":\"histogram\",\"mode\":\"normal\",\"data\":{\"label\":\"Count\",\"id\":\"1\"},\"valueAxis\":\"ValueAxis-1\",\"drawLinesBetweenPoints\":true,\"showCircles\":true,\"interpolate\":\"linear\"}],\"addTooltip\":true,\"addLegend\":true,\"legendPosition\":\"right\",\"times\":[],\"addTimeMarker\":true},\"aggs\":[{\"id\":\"1\",\"enabled\":true,\"type\":\"count\",\"schema\":\"metric\",\"params\":{}},{\"id\":\"3\",\"enabled\":true,\"type\":\"date_histogram\",\"schema\":\"segment\",\"params\":{\"field\":\"@timestamp\",\"interval\":\"h\",\"customInterval\":\"2h\",\"min_doc_count\":1,\"extended_bounds\":{},\"customLabel\":\"Time\"}},{\"id\":\"4\",\"enabled\":true,\"type\":\"terms\",\"schema\":\"group\",\"params\":{\"field\":\"scanner_type.keyword\",\"otherBucket\":false,\"otherBucketLabel\":\"Other\",\"missingBucket\":false,\"missingBucketLabel\":\"Missing\",\"size\":5,\"order\":\"desc\",\"orderBy\":\"1\"}}]}","uiStateJSON":"{}","description":"","version":1,"kibanaSavedObjectMeta":{"searchSourceJSON":"{\"filter\":[{\"meta\":{\"index\":\"67c6fd50-635e-11e8-abc4-7b8ba237e544\",\"negate\":false,\"disabled\":false,\"alias\":null,\"type\":\"phrase\",\"key\":\"type.keyword\",\"value\":\"report\",\"params\":{\"query\":\"report\",\"type\":\"phrase\"}},\"query\":{\"match\":{\"type.keyword\":{\"query\":\"report\",\"type\":\"phrase\"}}},\"$state\":{\"store\":\"appState\"}}],\"query\":{\"query\":\"\",\"language\":\"lucene\"},\"index\":\"168399b0-6581-11e8-b650-c59633cde5e0\",\"highlightAll\":true,\"version\":true}"}},"type":"visualization","migrationVersion":{"visualization":"6.7.2"},"updated_at":"2018-06-01T09:49:56.871Z"}},
  {"_index":".kibana","_type":"doc","_id":"search:bbd269b0-63f0-11e8-a476-951212cfdb81","_score":1,"_source":{"search":{"title":"Reports of the Day","description":"","hits":0,"columns":["_source"],"sort":["@timestamp","desc"],"version":1,"kibanaSavedObjectMeta":{"searchSourceJSON":"{\n  \"index\": \"168399b0-6581-11e8-b650-c59633cde5e0\",\n  \"highlightAll\": true,\n  \"version\": true,\n  \"query\": {\n    \"language\": \"lucene\",\n    \"query\": \"type:report\"\n  },\n  \"filter\": []\n}"}},"type":"search","updated_at":"2018-06-01T09:53:27.477Z"}},
  {"_index":".kibana","_type":"doc","_id":"visualization:a0579330-6590-11e8-a5ef-cb2aed396a5b","_score":1,"_source":{"visualization":{"title":"Overall Findings by OsiLayer","visState":"{\"title\":\"Overall Findings by OsiLayer\",\"type\":\"histogram\",\"params\":{\"type\":\"histogram\",\"grid\":{\"categoryLines\":false,\"style\":{\"color\":\"#eee\"}},\"categoryAxes\":[{\"id\":\"CategoryAxis-1\",\"type\":\"category\",\"position\":\"bottom\",\"show\":true,\"style\":{},\"scale\":{\"type\":\"linear\"},\"labels\":{\"show\":true,\"truncate\":100},\"title\":{}}],\"valueAxes\":[{\"id\":\"ValueAxis-1\",\"name\":\"LeftAxis-1\",\"type\":\"value\",\"position\":\"left\",\"show\":true,\"style\":{},\"scale\":{\"type\":\"linear\",\"mode\":\"normal\"},\"labels\":{\"show\":true,\"rotate\":0,\"filter\":false,\"truncate\":100},\"title\":{\"text\":\"Count\"}}],\"seriesParams\":[{\"show\":\"true\",\"type\":\"histogram\",\"mode\":\"stacked\",\"data\":{\"label\":\"Count\",\"id\":\"1\"},\"valueAxis\":\"ValueAxis-1\",\"drawLinesBetweenPoints\":true,\"showCircles\":true}],\"addTooltip\":true,\"addLegend\":true,\"legendPosition\":\"right\",\"times\":[],\"addTimeMarker\":false},\"aggs\":[{\"id\":\"1\",\"enabled\":true,\"type\":\"count\",\"schema\":\"metric\",\"params\":{}},{\"id\":\"2\",\"enabled\":true,\"type\":\"terms\",\"schema\":\"segment\",\"params\":{\"field\":\"osi_layer.keyword\",\"otherBucket\":false,\"otherBucketLabel\":\"Other\",\"missingBucket\":false,\"missingBucketLabel\":\"Missing\",\"size\":5,\"order\":\"desc\",\"orderBy\":\"1\"}},{\"id\":\"3\",\"enabled\":true,\"type\":\"terms\",\"schema\":\"group\",\"params\":{\"field\":\"severity.keyword\",\"otherBucket\":false,\"otherBucketLabel\":\"Other\",\"missingBucket\":false,\"missingBucketLabel\":\"Missing\",\"size\":5,\"order\":\"desc\",\"orderBy\":\"1\"}}]}","uiStateJSON":"{}","description":"","version":1,"kibanaSavedObjectMeta":{"searchSourceJSON":"{\"index\":\"168399b0-6581-11e8-b650-c59633cde5e0\",\"filter\":[{\"meta\":{\"index\":\"168399b0-6581-11e8-b650-c59633cde5e0\",\"negate\":false,\"disabled\":false,\"alias\":null,\"type\":\"phrase\",\"key\":\"type.keyword\",\"value\":\"finding_entry\",\"params\":{\"query\":\"finding_entry\",\"type\":\"phrase\"}},\"query\":{\"match\":{\"type.keyword\":{\"query\":\"finding_entry\",\"type\":\"phrase\"}}},\"$state\":{\"store\":\"appState\"}}],\"query\":{\"query\":\"\",\"language\":\"lucene\"}}"}},"type":"visualization","migrationVersion":{"visualization":"6.7.2"},"updated_at":"2018-06-01T11:40:47.459Z"}},
  {"_index":".kibana","_type":"doc","_id":"dashboard:b0b1cb80-6593-11e8-bef7-13d59ef3d187","_score":1,"_source":{"dashboard":{"title":"Overall Overview","hits":0,"description":"","panelsJSON":"[{\"panelIndex\":\"2\",\"gridData\":{\"x\":6,\"y\":3,\"w\":6,\"h\":3,\"i\":\"2\"},\"id\":\"18a1e800-6590-11e8-a5ef-cb2aed396a5b\",\"type\":\"visualization\",\"version\":\"6.2.3\"},{\"panelIndex\":\"3\",\"gridData\":{\"x\":6,\"y\":0,\"w\":6,\"h\":3,\"i\":\"3\"},\"id\":\"6d774870-6590-11e8-a5ef-cb2aed396a5b\",\"type\":\"visualization\",\"version\":\"6.2.3\"},{\"panelIndex\":\"4\",\"gridData\":{\"x\":0,\"y\":3,\"w\":6,\"h\":3,\"i\":\"4\"},\"id\":\"a0579330-6590-11e8-a5ef-cb2aed396a5b\",\"type\":\"visualization\",\"version\":\"6.2.3\"},{\"panelIndex\":\"5\",\"gridData\":{\"x\":0,\"y\":6,\"w\":12,\"h\":3,\"i\":\"5\"},\"id\":\"e83fa670-63eb-11e8-a476-951212cfdb81\",\"type\":\"visualization\",\"version\":\"6.2.3\"},{\"panelIndex\":\"6\",\"gridData\":{\"x\":0,\"y\":0,\"w\":6,\"h\":3,\"i\":\"6\"},\"id\":\"eaef9300-6592-11e8-a5ef-cb2aed396a5b\",\"type\":\"visualization\",\"version\":\"6.2.3\"},{\"panelIndex\":\"7\",\"gridData\":{\"x\":0,\"y\":9,\"w\":12,\"h\":3,\"i\":\"7\"},\"id\":\"ce6ae200-658f-11e8-a5ef-cb2aed396a5b\",\"type\":\"search\",\"version\":\"6.2.3\"},{\"panelIndex\":\"8\",\"gridData\":{\"x\":0,\"y\":12,\"w\":6,\"h\":3,\"i\":\"8\"},\"version\":\"6.2.3\",\"type\":\"visualization\",\"id\":\"7d32fa00-6597-11e8-b3e5-61d049497dc1\"},{\"gridData\":{\"w\":6,\"h\":3,\"x\":6,\"y\":12,\"i\":\"9\"},\"version\":\"6.2.3\",\"panelIndex\":\"9\",\"type\":\"visualization\",\"id\":\"b5344990-6597-11e8-b3e5-61d049497dc1\"}]","optionsJSON":"{\"darkTheme\":false,\"hidePanelTitles\":false,\"useMargins\":true}","version":1,"timeRestore":false,"kibanaSavedObjectMeta":{"searchSourceJSON":"{\"query\":{\"language\":\"lucene\",\"query\":\"\"},\"filter\":[],\"highlightAll\":true,\"version\":true}"}},"type":"dashboard","updated_at":"2018-06-01T12:32:12.523Z"}},
  {"_index":".kibana","_type":"doc","_id":"visualization:3e2d3b60-63f1-11e8-a476-951212cfdb81","_score":1,"_source":{"visualization":{"title":"Findings of today grouped","visState":"{\"title\":\"Findings of today grouped\",\"type\":\"metric\",\"params\":{\"addLegend\":false,\"addTooltip\":true,\"metric\":{\"colorSchema\":\"Green to Red\",\"colorsRange\":[{\"from\":0,\"to\":10000}],\"invertColors\":false,\"labels\":{\"show\":true},\"metricColorMode\":\"None\",\"percentageMode\":false,\"style\":{\"bgColor\":false,\"bgFill\":\"#000\",\"fontSize\":40,\"labelColor\":false,\"subText\":\"\"},\"useRanges\":false},\"type\":\"metric\"},\"aggs\":[{\"id\":\"1\",\"enabled\":true,\"type\":\"count\",\"schema\":\"metric\",\"params\":{\"customLabel\":\"Findings\"}},{\"id\":\"2\",\"enabled\":true,\"type\":\"terms\",\"schema\":\"group\",\"params\":{\"field\":\"severity.keyword\",\"otherBucket\":false,\"otherBucketLabel\":\"Other\",\"missingBucket\":false,\"missingBucketLabel\":\"Missing\",\"size\":5,\"order\":\"desc\",\"orderBy\":\"1\"}}]}","uiStateJSON":"{}","description":"","savedSearchId":"587d4c60-63e4-11e8-a476-951212cfdb81","version":1,"kibanaSavedObjectMeta":{"searchSourceJSON":"{\"filter\":[],\"query\":{\"language\":\"lucene\",\"query\":\"\"}}"}},"type":"visualization","migrationVersion":{"visualization":"6.7.2"},"updated_at":"2018-06-01T09:49:55.819Z"}},
  {"_index":".kibana","_type":"doc","_id":"visualization:18a1e800-6590-11e8-a5ef-cb2aed396a5b","_score":1,"_source":{"visualization":{"title":"Overall Findings by Category","visState":"{\"title\":\"Overall Findings by Category\",\"type\":\"pie\",\"params\":{\"type\":\"pie\",\"addTooltip\":true,\"addLegend\":true,\"legendPosition\":\"right\",\"isDonut\":false,\"labels\":{\"show\":false,\"values\":true,\"last_level\":true,\"truncate\":100}},\"aggs\":[{\"id\":\"1\",\"enabled\":true,\"type\":\"count\",\"schema\":\"metric\",\"params\":{}},{\"id\":\"2\",\"enabled\":true,\"type\":\"terms\",\"schema\":\"segment\",\"params\":{\"field\":\"category.keyword\",\"otherBucket\":false,\"otherBucketLabel\":\"Other\",\"missingBucket\":false,\"missingBucketLabel\":\"Missing\",\"size\":100,\"order\":\"desc\",\"orderBy\":\"1\"}}]}","uiStateJSON":"{}","description":"","version":1,"kibanaSavedObjectMeta":{"searchSourceJSON":"{\"index\":\"168399b0-6581-11e8-b650-c59633cde5e0\",\"filter\":[],\"query\":{\"query\":\"\",\"language\":\"lucene\"}}"}},"type":"visualization","migrationVersion":{"visualization":"6.7.2"},"updated_at":"2018-06-01T11:36:59.776Z"}},
  {"_index":".kibana","_type":"doc","_id":"visualization:7d32fa00-6597-11e8-b3e5-61d049497dc1","_score":1,"_source":{"visualization":{"title":"Prominent Findings","visState":"{\"title\":\"Prominent Findings\",\"type\":\"table\",\"params\":{\"perPage\":10,\"showMeticsAtAllLevels\":false,\"showPartialRows\":false,\"showTotal\":false,\"sort\":{\"columnIndex\":null,\"direction\":null},\"totalFunc\":\"sum\"},\"aggs\":[{\"id\":\"1\",\"enabled\":true,\"type\":\"count\",\"schema\":\"metric\",\"params\":{}},{\"id\":\"3\",\"enabled\":true,\"type\":\"terms\",\"schema\":\"bucket\",\"params\":{\"field\":\"location.keyword\",\"otherBucket\":false,\"otherBucketLabel\":\"Other\",\"missingBucket\":false,\"missingBucketLabel\":\"Missing\",\"size\":5,\"order\":\"desc\",\"orderBy\":\"1\"}},{\"id\":\"2\",\"enabled\":true,\"type\":\"terms\",\"schema\":\"bucket\",\"params\":{\"field\":\"name.keyword\",\"otherBucket\":false,\"otherBucketLabel\":\"Other\",\"missingBucket\":false,\"missingBucketLabel\":\"Missing\",\"size\":5,\"order\":\"desc\",\"orderBy\":\"1\"}},{\"id\":\"4\",\"enabled\":true,\"type\":\"terms\",\"schema\":\"bucket\",\"params\":{\"field\":\"severity.keyword\",\"otherBucket\":false,\"otherBucketLabel\":\"Other\",\"missingBucket\":false,\"missingBucketLabel\":\"Missing\",\"size\":1000,\"order\":\"desc\",\"orderBy\":\"1\"}}]}","uiStateJSON":"{\"vis\":{\"params\":{\"sort\":{\"columnIndex\":3,\"direction\":\"desc\"}}}}","description":"","version":1,"kibanaSavedObjectMeta":{"searchSourceJSON":"{\"index\":\"168399b0-6581-11e8-b650-c59633cde5e0\",\"filter\":[{\"meta\":{\"index\":\"168399b0-6581-11e8-b650-c59633cde5e0\",\"negate\":false,\"disabled\":false,\"alias\":null,\"type\":\"phrase\",\"key\":\"type.keyword\",\"value\":\"finding_entry\",\"params\":{\"query\":\"finding_entry\",\"type\":\"phrase\"}},\"query\":{\"match\":{\"type.keyword\":{\"query\":\"finding_entry\",\"type\":\"phrase\"}}},\"$state\":{\"store\":\"appState\"}}],\"query\":{\"language\":\"lucene\",\"query\":\"\"}}"}},"type":"visualization","migrationVersion":{"visualization":"6.7.2"},"updated_at":"2018-06-01T12:29:54.976Z"}},
  {"_index":".kibana","_type":"doc","_id":"config:6.2.3","_score":1,"_source":{"config":{"buildNum":16602,"defaultIndex":"168399b0-6581-11e8-b650-c59633cde5e0"},"type":"config","updated_at":"2018-06-01T09:49:34.269Z"}},
  {"_index":".kibana","_type":"doc","_id":"visualization:e83fa670-63eb-11e8-a476-951212cfdb81","_score":1,"_source":{"visualization":{"title":"all findings grouped by day","visState":"{\"title\":\"all findings grouped by day\",\"type\":\"histogram\",\"params\":{\"type\":\"histogram\",\"grid\":{\"categoryLines\":false,\"style\":{\"color\":\"#eee\"}},\"categoryAxes\":[{\"id\":\"CategoryAxis-1\",\"type\":\"category\",\"position\":\"bottom\",\"show\":true,\"style\":{},\"scale\":{\"type\":\"linear\"},\"labels\":{\"show\":true,\"truncate\":100},\"title\":{}}],\"valueAxes\":[{\"id\":\"ValueAxis-1\",\"name\":\"LeftAxis-1\",\"type\":\"value\",\"position\":\"left\",\"show\":true,\"style\":{},\"scale\":{\"type\":\"linear\",\"mode\":\"normal\"},\"labels\":{\"show\":true,\"rotate\":0,\"filter\":false,\"truncate\":100},\"title\":{\"text\":\"Count\"}}],\"seriesParams\":[{\"show\":\"true\",\"type\":\"histogram\",\"mode\":\"stacked\",\"data\":{\"label\":\"Count\",\"id\":\"1\"},\"valueAxis\":\"ValueAxis-1\",\"drawLinesBetweenPoints\":true,\"showCircles\":true}],\"addTooltip\":true,\"addLegend\":true,\"legendPosition\":\"right\",\"times\":[],\"addTimeMarker\":false},\"aggs\":[{\"id\":\"1\",\"enabled\":true,\"type\":\"count\",\"schema\":\"metric\",\"params\":{}},{\"id\":\"2\",\"enabled\":true,\"type\":\"date_histogram\",\"schema\":\"segment\",\"params\":{\"field\":\"@timestamp\",\"interval\":\"d\",\"customInterval\":\"2h\",\"min_doc_count\":1,\"extended_bounds\":{}}},{\"id\":\"3\",\"enabled\":true,\"type\":\"terms\",\"schema\":\"group\",\"params\":{\"field\":\"severity.keyword\",\"otherBucket\":false,\"otherBucketLabel\":\"Other\",\"missingBucket\":false,\"missingBucketLabel\":\"Missing\",\"size\":5,\"order\":\"desc\",\"orderBy\":\"1\"}}]}","uiStateJSON":"{}","description":"","version":1,"kibanaSavedObjectMeta":{"searchSourceJSON":"{\"index\":\"168399b0-6581-11e8-b650-c59633cde5e0\",\"filter\":[{\"meta\":{\"index\":\"67c6fd50-635e-11e8-abc4-7b8ba237e544\",\"negate\":false,\"disabled\":false,\"alias\":null,\"type\":\"phrase\",\"key\":\"type.keyword\",\"value\":\"finding_entry\",\"params\":{\"query\":\"finding_entry\",\"type\":\"phrase\"}},\"query\":{\"match\":{\"type.keyword\":{\"query\":\"finding_entry\",\"type\":\"phrase\"}}},\"$state\":{\"store\":\"appState\"}}],\"query\":{\"query\":\"\",\"language\":\"lucene\"}}"}},"type":"visualization","migrationVersion":{"visualization":"6.7.2"},"updated_at":"2018-06-01T09:49:56.875Z"}},
  {"_index":".kibana","_type":"doc","_id":"visualization:e15be730-63e4-11e8-a476-951212cfdb81","_score":1,"_source":{"visualization":{"title":"Scanners run today","visState":"{\"title\":\"Scanners run today\",\"type\":\"table\",\"params\":{\"perPage\":5,\"showMeticsAtAllLevels\":false,\"showPartialRows\":false,\"showTotal\":true,\"sort\":{\"columnIndex\":null,\"direction\":null},\"totalFunc\":\"sum\"},\"aggs\":[{\"id\":\"1\",\"enabled\":true,\"type\":\"count\",\"schema\":\"metric\",\"params\":{}},{\"id\":\"2\",\"enabled\":true,\"type\":\"terms\",\"schema\":\"bucket\",\"params\":{\"field\":\"scanner_type.keyword\",\"otherBucket\":false,\"otherBucketLabel\":\"Other\",\"missingBucket\":false,\"missingBucketLabel\":\"Missing\",\"size\":5,\"order\":\"desc\",\"orderBy\":\"1\",\"customLabel\":\"Scanners\"}}]}","uiStateJSON":"{\"vis\":{\"params\":{\"sort\":{\"columnIndex\":null,\"direction\":null}}}}","description":"","version":1,"kibanaSavedObjectMeta":{"searchSourceJSON":"{\"filter\":[{\"$state\":{\"store\":\"appState\"},\"meta\":{\"alias\":null,\"disabled\":false,\"index\":\"67c6fd50-635e-11e8-abc4-7b8ba237e544\",\"key\":\"type.keyword\",\"negate\":false,\"params\":{\"query\":\"report\",\"type\":\"phrase\"},\"type\":\"phrase\",\"value\":\"report\"},\"query\":{\"match\":{\"type.keyword\":{\"query\":\"report\",\"type\":\"phrase\"}}}}],\"query\":{\"language\":\"lucene\",\"query\":\"\"},\"index\":\"168399b0-6581-11e8-b650-c59633cde5e0\",\"highlightAll\":true,\"version\":true}"}},"type":"visualization","migrationVersion":{"visualization":"6.7.2"},"updated_at":"2018-06-01T09:49:56.882Z"}},
  {"_index":".kibana","_type":"doc","_id":"search:587d4c60-63e4-11e8-a476-951212cfdb81","_score":1,"_source":{"search":{"title":"Findings of the Day","description":"","hits":0,"columns":["_source"],"sort":["@timestamp","desc"],"version":1,"kibanaSavedObjectMeta":{"searchSourceJSON":"{\n  \"index\": \"168399b0-6581-11e8-b650-c59633cde5e0\",\n  \"highlightAll\": true,\n  \"version\": true,\n  \"query\": {\n    \"language\": \"lucene\",\n    \"query\": \"type:finding_entry\"\n  },\n  \"filter\": []\n}"}},"type":"search","updated_at":"2018-06-01T09:53:11.999Z"}},
  {"_index":".kibana","_type":"doc","_id":"visualization:6d774870-6590-11e8-a5ef-cb2aed396a5b","_score":1,"_source":{"visualization":{"title":"Overall Findings by Severity","visState":"{\"title\":\"Overall Findings by Severity\",\"type\":\"pie\",\"params\":{\"type\":\"pie\",\"addTooltip\":true,\"addLegend\":true,\"legendPosition\":\"right\",\"isDonut\":false,\"labels\":{\"show\":false,\"values\":true,\"last_level\":true,\"truncate\":100}},\"aggs\":[{\"id\":\"1\",\"enabled\":true,\"type\":\"count\",\"schema\":\"metric\",\"params\":{}},{\"id\":\"2\",\"enabled\":true,\"type\":\"terms\",\"schema\":\"segment\",\"params\":{\"field\":\"severity.keyword\",\"otherBucket\":false,\"otherBucketLabel\":\"Other\",\"missingBucket\":false,\"missingBucketLabel\":\"Missing\",\"size\":5,\"order\":\"desc\",\"orderBy\":\"1\"}}]}","uiStateJSON":"{}","description":"","version":1,"kibanaSavedObjectMeta":{"searchSourceJSON":"{\"index\":\"168399b0-6581-11e8-b650-c59633cde5e0\",\"filter\":[{\"meta\":{\"index\":\"168399b0-6581-11e8-b650-c59633cde5e0\",\"negate\":false,\"disabled\":false,\"alias\":null,\"type\":\"phrase\",\"key\":\"type.keyword\",\"value\":\"finding_entry\",\"params\":{\"query\":\"finding_entry\",\"type\":\"phrase\"}},\"query\":{\"match\":{\"type.keyword\":{\"query\":\"finding_entry\",\"type\":\"phrase\"}}},\"$state\":{\"store\":\"appState\"}}],\"query\":{\"query\":\"\",\"language\":\"lucene\"}}"}},"type":"visualization","migrationVersion":{"visualization":"6.7.2"},"updated_at":"2018-06-01T11:39:22.103Z"}},
  {"_index":".kibana","_type":"doc","_id":"visualization:b5344990-6597-11e8-b3e5-61d049497dc1","_score":1,"_source":{"visualization":{"title":"Prominent Locations","visState":"{\"title\":\"Prominent Locations\",\"type\":\"table\",\"params\":{\"perPage\":10,\"showPartialRows\":false,\"showMeticsAtAllLevels\":false,\"sort\":{\"columnIndex\":null,\"direction\":null},\"showTotal\":true,\"totalFunc\":\"sum\"},\"aggs\":[{\"id\":\"1\",\"enabled\":true,\"type\":\"count\",\"schema\":\"metric\",\"params\":{}},{\"id\":\"2\",\"enabled\":true,\"type\":\"terms\",\"schema\":\"bucket\",\"params\":{\"field\":\"location.keyword\",\"otherBucket\":false,\"otherBucketLabel\":\"Other\",\"missingBucket\":false,\"missingBucketLabel\":\"Missing\",\"size\":1000,\"order\":\"desc\",\"orderBy\":\"1\"}}]}","uiStateJSON":"{\"vis\":{\"params\":{\"sort\":{\"columnIndex\":null,\"direction\":null}}}}","description":"","version":1,"kibanaSavedObjectMeta":{"searchSourceJSON":"{\"index\":\"168399b0-6581-11e8-b650-c59633cde5e0\",\"filter\":[{\"meta\":{\"index\":\"168399b0-6581-11e8-b650-c59633cde5e0\",\"negate\":false,\"disabled\":false,\"alias\":null,\"type\":\"phrase\",\"key\":\"type.keyword\",\"value\":\"finding_entry\",\"params\":{\"query\":\"finding_entry\",\"type\":\"phrase\"}},\"query\":{\"match\":{\"type.keyword\":{\"query\":\"finding_entry\",\"type\":\"phrase\"}}},\"$state\":{\"store\":\"appState\"}}],\"query\":{\"query\":\"\",\"language\":\"lucene\"}}"}},"type":"visualization","migrationVersion":{"visualization":"6.7.2"},"updated_at":"2018-06-01T12:31:28.937Z"}},
  {"_index":".kibana","_type":"doc","_id":"config:6.6.1","_score":1,"_source":{"config":{"buildNum":19513,"defaultIndex":"168399b0-6581-11e8-b650-c59633cde5e0"},"type":"config","updated_at":"2019-03-13T10:57:01.087Z"}},
  {"_index":".kibana","_type":"doc","_id":"index-pattern:168399b0-6581-11e8-b650-c59633cde5e0","_score":1,"_source":{"index-pattern":{"title":"securecodebox*","timeFieldName":"@timestamp","fields":"[{\"name\":\"@timestamp\",\"type\":\"date\",\"count\":0,\"scripted\":false,\"searchable\":true,\"aggregatable\":true,\"readFromDocValues\":true},{\"name\":\"_id\",\"type\":\"string\",\"count\":0,\"scripted\":false,\"searchable\":true,\"aggregatable\":true,\"readFromDocValues\":false},{\"name\":\"_index\",\"type\":\"string\",\"count\":0,\"scripted\":false,\"searchable\":true,\"aggregatable\":true,\"readFromDocValues\":false},{\"name\":\"_score\",\"type\":\"number\",\"count\":0,\"scripted\":false,\"searchable\":false,\"aggregatable\":false,\"readFromDocValues\":false},{\"name\":\"_source\",\"type\":\"_source\",\"count\":0,\"scripted\":false,\"searchable\":false,\"aggregatable\":false,\"readFromDocValues\":false},{\"name\":\"_type\",\"type\":\"string\",\"count\":0,\"scripted\":false,\"searchable\":true,\"aggregatable\":true,\"readFromDocValues\":false},{\"name\":\"attributes.hostname\",\"type\":\"string\",\"count\":0,\"scripted\":false,\"searchable\":true,\"aggregatable\":false,\"readFromDocValues\":false},{\"name\":\"attributes.hostname.keyword\",\"type\":\"string\",\"count\":0,\"scripted\":false,\"searchable\":true,\"aggregatable\":true,\"readFromDocValues\":true},{\"name\":\"attributes.ip_address\",\"type\":\"ip\",\"count\":1,\"scripted\":false,\"searchable\":true,\"aggregatable\":false,\"readFromDocValues\":false},{\"name\":\"attributes.ip_address.keyword\",\"type\":\"ip\",\"count\":0,\"scripted\":false,\"searchable\":true,\"aggregatable\":true,\"readFromDocValues\":true},{\"name\":\"attributes.method\",\"type\":\"string\",\"count\":0,\"scripted\":false,\"searchable\":true,\"aggregatable\":false,\"readFromDocValues\":false},{\"name\":\"attributes.method.keyword\",\"type\":\"string\",\"count\":0,\"scripted\":false,\"searchable\":true,\"aggregatable\":true,\"readFromDocValues\":true},{\"name\":\"attributes.port\",\"type\":\"number\",\"count\":1,\"scripted\":false,\"searchable\":true,\"aggregatable\":true,\"readFromDocValues\":true},{\"name\":\"attributes.protocol\",\"type\":\"string\",\"count\":0,\"scripted\":false,\"searchable\":true,\"aggregatable\":false,\"readFromDocValues\":false},{\"name\":\"attributes.protocol.keyword\",\"type\":\"string\",\"count\":0,\"scripted\":false,\"searchable\":true,\"aggregatable\":true,\"readFromDocValues\":true},{\"name\":\"attributes.service\",\"type\":\"string\",\"count\":1,\"scripted\":false,\"searchable\":true,\"aggregatable\":false,\"readFromDocValues\":false},{\"name\":\"attributes.service.keyword\",\"type\":\"string\",\"count\":0,\"scripted\":false,\"searchable\":true,\"aggregatable\":true,\"readFromDocValues\":true},{\"name\":\"category\",\"type\":\"string\",\"count\":0,\"scripted\":false,\"searchable\":true,\"aggregatable\":false,\"readFromDocValues\":false},{\"name\":\"category.keyword\",\"type\":\"string\",\"count\":0,\"scripted\":false,\"searchable\":true,\"aggregatable\":true,\"readFromDocValues\":true},{\"name\":\"context\",\"type\":\"string\",\"count\":0,\"scripted\":false,\"searchable\":true,\"aggregatable\":false,\"readFromDocValues\":false},{\"name\":\"context.keyword\",\"type\":\"string\",\"count\":0,\"scripted\":false,\"searchable\":true,\"aggregatable\":true,\"readFromDocValues\":true},{\"name\":\"description\",\"type\":\"string\",\"count\":0,\"scripted\":false,\"searchable\":true,\"aggregatable\":false,\"readFromDocValues\":false},{\"name\":\"description.keyword\",\"type\":\"string\",\"count\":0,\"scripted\":false,\"searchable\":true,\"aggregatable\":true,\"readFromDocValues\":true},{\"name\":\"false_positive\",\"type\":\"boolean\",\"count\":0,\"scripted\":false,\"searchable\":true,\"aggregatable\":true,\"readFromDocValues\":true},{\"name\":\"finished\",\"type\":\"boolean\",\"count\":0,\"scripted\":false,\"searchable\":true,\"aggregatable\":true,\"readFromDocValues\":true},{\"name\":\"id\",\"type\":\"string\",\"count\":0,\"scripted\":false,\"searchable\":true,\"aggregatable\":false,\"readFromDocValues\":false},{\"name\":\"id.keyword\",\"type\":\"string\",\"count\":0,\"scripted\":false,\"searchable\":true,\"aggregatable\":true,\"readFromDocValues\":true},{\"name\":\"location\",\"type\":\"string\",\"count\":0,\"scripted\":false,\"searchable\":true,\"aggregatable\":false,\"readFromDocValues\":false},{\"name\":\"location.keyword\",\"type\":\"string\",\"count\":0,\"scripted\":false,\"searchable\":true,\"aggregatable\":true,\"readFromDocValues\":true},{\"name\":\"metaData.additionalProp1\",\"type\":\"string\",\"count\":0,\"scripted\":false,\"searchable\":true,\"aggregatable\":false,\"readFromDocValues\":false},{\"name\":\"metaData.additionalProp1.keyword\",\"type\":\"string\",\"count\":0,\"scripted\":false,\"searchable\":true,\"aggregatable\":true,\"readFromDocValues\":true},{\"name\":\"metaData.additionalProp2\",\"type\":\"string\",\"count\":0,\"scripted\":false,\"searchable\":true,\"aggregatable\":false,\"readFromDocValues\":false},{\"name\":\"metaData.additionalProp2.keyword\",\"type\":\"string\",\"count\":0,\"scripted\":false,\"searchable\":true,\"aggregatable\":true,\"readFromDocValues\":true},{\"name\":\"metaData.additionalProp3\",\"type\":\"string\",\"count\":0,\"scripted\":false,\"searchable\":true,\"aggregatable\":false,\"readFromDocValues\":false},{\"name\":\"metaData.additionalProp3.keyword\",\"type\":\"string\",\"count\":0,\"scripted\":false,\"searchable\":true,\"aggregatable\":true,\"readFromDocValues\":true},{\"name\":\"name\",\"type\":\"string\",\"count\":0,\"scripted\":false,\"searchable\":true,\"aggregatable\":false,\"readFromDocValues\":false},{\"name\":\"name.keyword\",\"type\":\"string\",\"count\":0,\"scripted\":false,\"searchable\":true,\"aggregatable\":true,\"readFromDocValues\":true},{\"name\":\"osi_layer\",\"type\":\"string\",\"count\":0,\"scripted\":false,\"searchable\":true,\"aggregatable\":false,\"readFromDocValues\":false},{\"name\":\"osi_layer.keyword\",\"type\":\"string\",\"count\":0,\"scripted\":false,\"searchable\":true,\"aggregatable\":true,\"readFromDocValues\":true},{\"name\":\"security_test_context\",\"type\":\"string\",\"count\":0,\"scripted\":false,\"searchable\":true,\"aggregatable\":false,\"readFromDocValues\":false},{\"name\":\"security_test_context.keyword\",\"type\":\"string\",\"count\":0,\"scripted\":false,\"searchable\":true,\"aggregatable\":true,\"readFromDocValues\":true},{\"name\":\"security_test_id\",\"type\":\"string\",\"count\":0,\"scripted\":false,\"searchable\":true,\"aggregatable\":false,\"readFromDocValues\":false},{\"name\":\"security_test_id.keyword\",\"type\":\"string\",\"count\":0,\"scripted\":false,\"searchable\":true,\"aggregatable\":true,\"readFromDocValues\":true},{\"name\":\"security_test_name\",\"type\":\"string\",\"count\":0,\"scripted\":false,\"searchable\":true,\"aggregatable\":false,\"readFromDocValues\":false},{\"name\":\"security_test_name.keyword\",\"type\":\"string\",\"count\":0,\"scripted\":false,\"searchable\":true,\"aggregatable\":true,\"readFromDocValues\":true},{\"name\":\"severity\",\"type\":\"string\",\"count\":0,\"scripted\":false,\"searchable\":true,\"aggregatable\":false,\"readFromDocValues\":false},{\"name\":\"severity.keyword\",\"type\":\"string\",\"count\":0,\"scripted\":false,\"searchable\":true,\"aggregatable\":true,\"readFromDocValues\":true},{\"name\":\"target.attributes.NMAP_PARAMETER\",\"type\":\"string\",\"count\":0,\"scripted\":false,\"searchable\":true,\"aggregatable\":false,\"readFromDocValues\":false},{\"name\":\"target.attributes.NMAP_PARAMETER.keyword\",\"type\":\"string\",\"count\":0,\"scripted\":false,\"searchable\":true,\"aggregatable\":true,\"readFromDocValues\":true},{\"name\":\"target.location\",\"type\":\"string\",\"count\":0,\"scripted\":false,\"searchable\":true,\"aggregatable\":false,\"readFromDocValues\":false},{\"name\":\"target.location.keyword\",\"type\":\"string\",\"count\":0,\"scripted\":false,\"searchable\":true,\"aggregatable\":true,\"readFromDocValues\":true},{\"name\":\"target.name\",\"type\":\"string\",\"count\":0,\"scripted\":false,\"searchable\":true,\"aggregatable\":false,\"readFromDocValues\":false},{\"name\":\"target.name.keyword\",\"type\":\"string\",\"count\":0,\"scripted\":false,\"searchable\":true,\"aggregatable\":true,\"readFromDocValues\":true},{\"name\":\"type\",\"type\":\"string\",\"count\":0,\"scripted\":false,\"searchable\":true,\"aggregatable\":false,\"readFromDocValues\":false},{\"name\":\"type.keyword\",\"type\":\"string\",\"count\":0,\"scripted\":false,\"searchable\":true,\"aggregatable\":true,\"readFromDocValues\":true}]","fieldFormatMap":"{\"attributes.port\":{\"id\":\"number\",\"params\":{\"pattern\":\"0[000]\"}}}"},"type":"index-pattern","updated_at":"2019-06-28T15:56:10.432Z"}},
  {"_index":".kibana","_type":"doc","_id":"config:6.7.2","_score":1,"_source":{"config":{"buildNum":20334,"defaultIndex":"168399b0-6581-11e8-b650-c59633cde5e0","k7design":null,"dateFormat:dow":"Monday","dashboard:defaultDarkTheme":true},"type":"config","updated_at":"2019-06-28T16:06:17.107Z"}},
  {"_index":".kibana","_type":"doc","_id":"visualization:b5f4e6a0-9665-11e9-b60e-331bb2a03d1c","_score":1,"_source":{"visualization":{"title":"Port Distribution","visState":"{\"title\":\"Port Distribution\",\"type\":\"pie\",\"params\":{\"addLegend\":true,\"addTooltip\":true,\"isDonut\":true,\"labels\":{\"last_level\":true,\"show\":true,\"truncate\":100,\"values\":true},\"legendPosition\":\"right\",\"type\":\"pie\"},\"aggs\":[{\"id\":\"1\",\"enabled\":true,\"type\":\"count\",\"schema\":\"metric\",\"params\":{}},{\"id\":\"2\",\"enabled\":true,\"type\":\"terms\",\"schema\":\"segment\",\"params\":{\"field\":\"attributes.port\",\"size\":20,\"order\":\"desc\",\"orderBy\":\"1\",\"otherBucket\":false,\"otherBucketLabel\":\"Other\",\"missingBucket\":false,\"missingBucketLabel\":\"Missing\"}}]}","uiStateJSON":"{\"vis\":{\"colors\":{\"80\":\"#BF1B00\"}}}","description":"","version":1,"kibanaSavedObjectMeta":{"searchSourceJSON":"{\"index\":\"168399b0-6581-11e8-b650-c59633cde5e0\",\"query\":{\"language\":\"lucene\",\"query\":\"\"},\"filter\":[]}"}},"type":"visualization","migrationVersion":{"visualization":"6.7.2"},"updated_at":"2019-06-28T16:10:38.124Z"}},
  {"_index":".kibana","_type":"doc","_id":"visualization:49927ca0-9bdf-11e9-b60e-331bb2a03d1c","_score":1,"_source":{"visualization":{"title":"Open Ports Histogram","visState":"{\"title\":\"Open Ports Histogram\",\"type\":\"line\",\"params\":{\"type\":\"line\",\"grid\":{\"categoryLines\":false,\"style\":{\"color\":\"#eee\"}},\"categoryAxes\":[{\"id\":\"CategoryAxis-1\",\"type\":\"category\",\"position\":\"bottom\",\"show\":true,\"style\":{},\"scale\":{\"type\":\"linear\"},\"labels\":{\"show\":true,\"truncate\":100},\"title\":{}}],\"valueAxes\":[{\"id\":\"ValueAxis-1\",\"name\":\"LeftAxis-1\",\"type\":\"value\",\"position\":\"left\",\"show\":true,\"style\":{},\"scale\":{\"type\":\"linear\",\"mode\":\"normal\"},\"labels\":{\"show\":true,\"rotate\":0,\"filter\":false,\"truncate\":100},\"title\":{\"text\":\"Count\"}}],\"seriesParams\":[{\"show\":\"true\",\"type\":\"line\",\"mode\":\"normal\",\"data\":{\"label\":\"Count\",\"id\":\"1\"},\"valueAxis\":\"ValueAxis-1\",\"drawLinesBetweenPoints\":true,\"showCircles\":true}],\"addTooltip\":true,\"addLegend\":true,\"legendPosition\":\"right\",\"times\":[],\"addTimeMarker\":false},\"aggs\":[{\"id\":\"1\",\"enabled\":true,\"type\":\"count\",\"schema\":\"metric\",\"params\":{}},{\"id\":\"2\",\"enabled\":true,\"type\":\"date_histogram\",\"schema\":\"segment\",\"params\":{\"field\":\"@timestamp\",\"timeRange\":{\"from\":\"now-7d\",\"to\":\"now\",\"mode\":\"quick\"},\"useNormalizedEsInterval\":true,\"interval\":\"auto\",\"drop_partials\":false,\"customInterval\":\"2h\",\"min_doc_count\":1,\"extended_bounds\":{}}},{\"id\":\"3\",\"enabled\":true,\"type\":\"terms\",\"schema\":\"group\",\"params\":{\"field\":\"attributes.port\",\"size\":5,\"order\":\"desc\",\"orderBy\":\"1\",\"otherBucket\":false,\"otherBucketLabel\":\"Other\",\"missingBucket\":false,\"missingBucketLabel\":\"Missing\"}}]}","uiStateJSON":"{}","description":"","version":1,"kibanaSavedObjectMeta":{"searchSourceJSON":"{\"index\":\"168399b0-6581-11e8-b650-c59633cde5e0\",\"query\":{\"query\":\"\",\"language\":\"lucene\"},\"filter\":[]}"}},"type":"visualization","migrationVersion":{"visualization":"6.7.2"},"updated_at":"2019-07-01T09:04:52.586Z"}},
  {"_index":".kibana","_type":"doc","_id":"dashboard:ac3ee800-9673-11e9-b60e-331bb2a03d1c","_score":1,"_source":{"dashboard":{"title":"Portscan Dashboard","hits":0,"description":"","panelsJSON":"[{\"embeddableConfig\":{},\"gridData\":{\"h\":31,\"i\":\"1\",\"w\":24,\"x\":0,\"y\":0},\"id\":\"b5f4e6a0-9665-11e9-b60e-331bb2a03d1c\",\"panelIndex\":\"1\",\"type\":\"visualization\",\"version\":\"6.7.2\"},{\"embeddableConfig\":{},\"gridData\":{\"h\":31,\"i\":\"2\",\"w\":24,\"x\":24,\"y\":0},\"id\":\"4f644500-9667-11e9-b60e-331bb2a03d1c\",\"panelIndex\":\"2\",\"type\":\"visualization\",\"version\":\"6.7.2\"},{\"embeddableConfig\":{},\"gridData\":{\"h\":13,\"i\":\"3\",\"w\":48,\"x\":0,\"y\":31},\"id\":\"49927ca0-9bdf-11e9-b60e-331bb2a03d1c\",\"panelIndex\":\"3\",\"type\":\"visualization\",\"version\":\"6.7.2\"},{\"embeddableConfig\":{},\"gridData\":{\"h\":13,\"i\":\"4\",\"w\":48,\"x\":0,\"y\":44},\"id\":\"295d22c0-9d68-11e9-b60e-331bb2a03d1c\",\"panelIndex\":\"4\",\"type\":\"visualization\",\"version\":\"6.7.2\"}]","optionsJSON":"{\"darkTheme\":false,\"hidePanelTitles\":false,\"useMargins\":true}","version":1,"timeRestore":false,"kibanaSavedObjectMeta":{"searchSourceJSON":"{\"query\":{\"language\":\"lucene\",\"query\":\"\"},\"filter\":[]}"}},"type":"dashboard","updated_at":"2019-07-03T08:04:15.994Z"}},
  {"_index":".kibana","_type":"doc","_id":"visualization:295d22c0-9d68-11e9-b60e-331bb2a03d1c","_score":1,"_source":{"visualization":{"title":"SSH Ratio Histogramm","visState":"{\"title\":\"SSH Ratio Histogramm\",\"type\":\"line\",\"params\":{\"type\":\"line\",\"grid\":{\"categoryLines\":false,\"style\":{\"color\":\"#eee\"}},\"categoryAxes\":[{\"id\":\"CategoryAxis-1\",\"type\":\"category\",\"position\":\"bottom\",\"show\":true,\"style\":{},\"scale\":{\"type\":\"linear\"},\"labels\":{\"show\":true,\"truncate\":100},\"title\":{}}],\"valueAxes\":[{\"id\":\"ValueAxis-1\",\"name\":\"LeftAxis-1\",\"type\":\"value\",\"position\":\"left\",\"show\":true,\"style\":{},\"scale\":{\"type\":\"linear\",\"mode\":\"normal\"},\"labels\":{\"show\":true,\"rotate\":0,\"filter\":false,\"truncate\":100},\"title\":{\"text\":\"Count\"}}],\"seriesParams\":[{\"show\":\"true\",\"type\":\"line\",\"mode\":\"normal\",\"data\":{\"label\":\"Count\",\"id\":\"1\"},\"valueAxis\":\"ValueAxis-1\",\"drawLinesBetweenPoints\":true,\"showCircles\":true}],\"addTooltip\":true,\"addLegend\":true,\"legendPosition\":\"right\",\"times\":[],\"addTimeMarker\":false},\"aggs\":[{\"id\":\"1\",\"enabled\":true,\"type\":\"count\",\"schema\":\"metric\",\"params\":{}},{\"id\":\"2\",\"enabled\":true,\"type\":\"terms\",\"schema\":\"group\",\"params\":{\"field\":\"attributes.service.keyword\",\"size\":5,\"order\":\"desc\",\"orderBy\":\"1\",\"otherBucket\":true,\"otherBucketLabel\":\"All Findings\",\"missingBucket\":false,\"missingBucketLabel\":\"Missing\",\"include\":\"ssh\"}},{\"id\":\"3\",\"enabled\":true,\"type\":\"date_histogram\",\"schema\":\"segment\",\"params\":{\"field\":\"@timestamp\",\"timeRange\":{\"from\":\"now-7d\",\"to\":\"now\",\"mode\":\"quick\"},\"useNormalizedEsInterval\":true,\"interval\":\"auto\",\"drop_partials\":false,\"customInterval\":\"2h\",\"min_doc_count\":1,\"extended_bounds\":{}}},{\"id\":\"4\",\"enabled\":false,\"type\":\"terms\",\"schema\":\"group\",\"params\":{\"field\":\"attributes.service.keyword\",\"size\":5,\"order\":\"desc\",\"orderBy\":\"1\",\"otherBucket\":false,\"otherBucketLabel\":\"Other\",\"missingBucket\":false,\"missingBucketLabel\":\"Missing\",\"include\":\"Open Port\"}}]}","uiStateJSON":"{}","description":"","version":1,"kibanaSavedObjectMeta":{"searchSourceJSON":"{\"index\":\"168399b0-6581-11e8-b650-c59633cde5e0\",\"query\":{\"query\":\"\",\"language\":\"lucene\"},\"filter\":[]}"}},"type":"visualization","migrationVersion":{"visualization":"6.7.2"},"updated_at":"2019-07-03T08:25:00.183Z"}},
  {"_index":".kibana","_type":"doc","_id":"visualization:4f644500-9667-11e9-b60e-331bb2a03d1c","_score":1,"_source":{"visualization":{"title":"Host Port Overview","visState":"{\"title\":\"Host Port Overview\",\"type\":\"table\",\"params\":{\"perPage\":20,\"showPartialRows\":false,\"showMetricsAtAllLevels\":false,\"sort\":{\"columnIndex\":null,\"direction\":null},\"showTotal\":false,\"totalFunc\":\"sum\"},\"aggs\":[{\"id\":\"1\",\"enabled\":true,\"type\":\"count\",\"schema\":\"metric\",\"params\":{}},{\"id\":\"2\",\"enabled\":true,\"type\":\"terms\",\"schema\":\"bucket\",\"params\":{\"field\":\"attributes.ip_address.keyword\",\"size\":100,\"order\":\"asc\",\"orderBy\":\"1\",\"otherBucket\":false,\"otherBucketLabel\":\"Other\",\"missingBucket\":false,\"missingBucketLabel\":\"\"}},{\"id\":\"3\",\"enabled\":true,\"type\":\"terms\",\"schema\":\"bucket\",\"params\":{\"field\":\"attributes.hostname.keyword\",\"size\":5,\"order\":\"desc\",\"orderBy\":\"1\",\"otherBucket\":false,\"otherBucketLabel\":\"Other\",\"missingBucket\":true,\"missingBucketLabel\":\"-\"}},{\"id\":\"4\",\"enabled\":false,\"type\":\"terms\",\"schema\":\"bucket\",\"params\":{\"field\":\"attributes.port\",\"size\":50,\"order\":\"desc\",\"orderBy\":\"1\",\"otherBucket\":false,\"otherBucketLabel\":\"Other\",\"missingBucket\":false,\"missingBucketLabel\":\"Missing\"}},{\"id\":\"5\",\"enabled\":true,\"type\":\"terms\",\"schema\":\"bucket\",\"params\":{\"field\":\"description.keyword\",\"size\":5,\"order\":\"desc\",\"orderBy\":\"1\",\"otherBucket\":false,\"otherBucketLabel\":\"Other\",\"missingBucket\":true,\"missingBucketLabel\":\"-\"}}]}","uiStateJSON":"{\"vis\":{\"params\":{\"sort\":{\"columnIndex\":null,\"direction\":null}}}}","description":"","version":1,"kibanaSavedObjectMeta":{"searchSourceJSON":"{\"index\":\"168399b0-6581-11e8-b650-c59633cde5e0\",\"query\":{\"query\":\"\",\"language\":\"lucene\"},\"filter\":[]}"}},"type":"visualization","migrationVersion":{"visualization":"6.7.2"},"updated_at":"2019-07-03T08:34:37.815Z"}}
]