<!--
  ~ /*
  ~ * SecureCodeBox (SCB)
  ~ * Copyright 2015-2018 iteratec GmbH
  ~ *
  ~ * Licensed under the Apache License, Version 2.0 (the "License");
  ~ * you may not use this file except in compliance with the License.
  ~ * You may obtain a copy of the License at
  ~ *
  ~ * 	http://www.apache.org/licenses/LICENSE-2.0
  ~ *
  ~ * Unless required by applicable law or agreed to in writing, software
  ~ * distributed under the License is distributed on an "AS IS" BASIS,
  ~ * WITHOUT WARRANTIES OR CONDITIONS OF ANY KIND, either express or implied.
  ~ * See the License for the specific language governing permissions and
  ~ * limitations under the License.
  ~ */
  -->

<archetype xmlns="http://maven.apache.org/plugins/maven-archetype-plugin/archetype/1.0.0"
           xmlns:xsi="http://www.w3.org/2001/XMLSchema-instance"
           xsi:schemaLocation="http://maven.apache.org/plugins/maven-archetype-plugin/archetype/1.0.0 http://maven.apache.org/xsd/archetype-1.0.0.xsd">
    <id>scanprocess-quickstart</id>
    <sources>
        <source>src/main/java/io/securecodebox/scanprocess/ProcessInitConfiguration.java</source>
        <source>src/main/java/io/securecodebox/scanprocess/SummaryGeneratorDelegate.java</source>
    </sources>
    <resources>
        <resource>src/main/resources/bpmn/default_process.bpmn</resource>
        <resource>src/main/resources/forms/default/configure-target.html</resource>
        <resource>src/main/resources/META-INF/processes.xml</resource>
    </resources>
</archetype>
