<!--
  ~ /*
  ~ * SecureCodeBox (SCB)
  ~ * Copyright 2015-2018 iteratec GmbH
  ~ *
  ~ * Licensed under the Apache License, Version 2.0 (the "License");
  ~ * you may not use this file except in compliance with the License.
  ~ * You may obtain a copy of the License at
  ~ *
  ~ * 	http://www.apache.org/licenses/LICENSE-2.0
  ~ *
  ~ * Unless required by applicable law or agreed to in writing, software
  ~ * distributed under the License is distributed on an "AS IS" BASIS,
  ~ * WITHOUT WARRANTIES OR CONDITIONS OF ANY KIND, either express or implied.
  ~ * See the License for the specific language governing permissions and
  ~ * limitations under the License.
  ~ */
  -->

<archetype-descriptor xmlns="http://maven.apache.org/plugins/maven-archetype-plugin/archetype-descriptor/1.0.0"
                      xmlns:xsi="http://www.w3.org/2001/XMLSchema-instance"
                      xsi:schemaLocation="http://maven.apache.org/plugins/maven-archetype-plugin/archetype-descriptor/1.0.0 http://maven.apache.org/xsd/archetype-descriptor-1.0.0.xsd"
                      name="scanprocess-quickstart">

    <requiredProperties>
        <requiredProperty key="processName" validationRegex="[A-Z][a-zA-Z]*"/>
        <requiredProperty key="processTopic" validationRegex="[a-z0-9-]*"/>
    </requiredProperties>

    <fileSets>
        <fileSet filtered="true" packaged="false" encoding="UTF-8">
            <directory>src/main/java/</directory>
            <includes>
                <include>io/securecodebox/scanprocess/ProcessInitConfiguration.java</include>
            </includes>
        </fileSet>
        <fileSet filtered="true" packaged="false" encoding="UTF-8">
            <directory>src/main/resources/</directory>
            <excludes>
                <exclude>forms/**</exclude>
            </excludes>
        </fileSet>
        <fileSet filtered="false" packaged="false" encoding="UTF-8">
            <directory>src/main/resources/forms/</directory>
        </fileSet>

        <fileSet filtered="true" packaged="false" encoding="UTF-8">
            <directory>src/test/</directory>
        </fileSet>
    </fileSets>


</archetype-descriptor>
